players,Age,Tm,Lg,G,PA,AB,R,H,2B,3B,HR,RBI,SB,CS,BB,SO,BA,OBP,SLG,OPS,OPS+,TB,GDP,HBP,SH,SF,IBB,over_30
José Abreu,32.0,CHW,AL,159,693,634,85,180,38,1,33,123,2,2,36,152,0.284,0.33,0.503,0.834,118.0,319,24,13,0,10,4,1.0
Ronald Acuna Jr.,21.0,ATL,NL,156,715,626,127,175,22,2,41,101,37,9,76,188,0.28,0.365,0.518,0.883,121.0,324,8,9,0,1,4,0.0
Willy Adames,23.0,TBR,AL,152,584,531,69,135,25,1,20,52,4,2,46,153,0.254,0.317,0.418,0.735,96.0,222,9,3,3,1,1,0.0
Matt Adams,30.0,WSN,NL,111,333,310,42,70,14,0,20,56,0,0,20,115,0.226,0.276,0.465,0.741,86.0,144,7,2,0,1,1,1.0
Ehire Adrianza,29.0,MIN,AL,83,236,202,34,55,8,3,5,22,0,2,20,40,0.272,0.349,0.416,0.765,103.0,84,2,6,2,4,1,0.0
Jesus Aguilar,29.0,MIL,NL,94,262,222,26,50,9,0,8,34,0,0,31,59,0.225,0.32,0.374,0.694,80.0,83,11,2,0,4,0,0.0
Nick Ahmed,29.0,ARI,NL,158,625,556,79,141,33,6,19,82,8,2,52,113,0.254,0.316,0.437,0.753,92.0,243,15,4,1,12,2,0.0
Hanser Alberto,26.0,BAL,AL,139,550,524,62,160,21,2,12,51,4,4,16,50,0.305,0.329,0.422,0.751,98.0,221,9,4,3,3,1,0.0
Ozzie Albies,22.0,ATL,NL,160,702,640,102,189,43,8,24,86,15,4,54,112,0.295,0.352,0.5,0.852,113.0,320,2,4,0,4,6,0.0
Jorge Alfaro,26.0,MIA,NL,130,465,431,44,113,14,1,18,57,4,4,22,154,0.262,0.312,0.425,0.736,94.0,183,12,10,0,2,1,0.0
Greg Allen,26.0,CLE,AL,89,256,231,30,53,9,3,4,27,8,2,11,53,0.229,0.29,0.346,0.636,66.0,80,3,9,4,1,1,0.0
Albert Almora,25.0,CHC,NL,130,363,339,41,80,11,1,12,32,2,1,16,62,0.236,0.271,0.381,0.651,67.0,129,8,1,5,2,4,0.0
Pete Alonso,24.0,NYM,NL,161,693,597,103,155,30,2,53,120,1,0,72,183,0.26,0.358,0.583,0.941,147.0,348,13,21,0,3,6,0.0
Yonder Alonso,32.0,CHW,AL,67,251,219,23,39,6,0,7,27,0,1,29,53,0.178,0.275,0.301,0.576,55.0,66,8,1,0,2,2,1.0
Jose Altuve,29.0,HOU,AL,124,548,500,89,149,27,3,31,74,6,5,41,82,0.298,0.353,0.55,0.903,131.0,275,19,3,1,3,0,0.0
Yordan Álvarez,22.0,HOU,AL,87,369,313,58,98,26,0,27,78,0,0,52,94,0.313,0.412,0.655,1.067,173.0,205,9,2,0,2,4,0.0
Brian Anderson,26.0,MIA,NL,126,520,459,57,120,33,1,20,66,5,1,44,114,0.261,0.342,0.468,0.811,113.0,215,15,14,0,3,1,0.0
Tim Anderson,26.0,CHW,AL,123,518,498,81,167,32,0,18,56,17,5,15,109,0.335,0.357,0.508,0.865,128.0,253,12,3,0,2,0,0.0
Elvis Andrus,30.0,TEX,AL,147,648,600,81,165,27,4,12,72,31,8,34,96,0.275,0.313,0.393,0.707,78.0,236,16,4,0,10,1,1.0
Aristides Aquino,25.0,CIN,NL,56,225,205,31,53,8,0,19,47,7,0,16,60,0.259,0.316,0.576,0.891,120.0,118,5,2,0,2,2,0.0
Orlando Arcia,24.0,MIL,NL,152,546,494,51,110,16,1,15,59,8,5,43,109,0.223,0.283,0.35,0.633,64.0,173,15,1,2,6,5,0.0
Nolan Arenado,28.0,COL,NL,155,662,588,102,185,31,2,41,118,3,2,62,93,0.315,0.379,0.583,0.962,130.0,343,14,4,0,8,11,0.0
Luis Arraez,22.0,MIN,AL,92,366,326,54,109,20,1,4,28,2,2,36,29,0.334,0.399,0.439,0.838,124.0,143,2,1,0,3,1,0.0
Willians Astudillo,27.0,MIN,AL,58,204,190,28,51,9,0,4,21,0,0,5,8,0.268,0.299,0.379,0.678,79.0,72,6,5,0,4,0,0.0
Alex Avila,32.0,ARI,NL,63,201,164,22,34,8,0,9,24,1,0,36,68,0.207,0.353,0.421,0.774,100.0,69,8,1,0,0,7,1.0
Harrison Bader,25.0,STL,NL,128,406,347,54,71,14,3,12,39,11,3,46,117,0.205,0.314,0.366,0.68,80.0,127,3,10,1,2,4,0.0
Javier Baez,26.0,CHC,NL,138,561,531,89,149,38,4,29,85,11,7,28,156,0.281,0.316,0.531,0.847,115.0,282,16,0,0,2,3,0.0
Austin Barnes,29.0,LAD,NL,75,242,212,28,43,12,1,5,25,3,0,23,56,0.203,0.293,0.34,0.633,68.0,72,8,5,0,2,3,0.0
Tucker Barnhart,28.0,CIN,NL,114,364,316,32,73,14,0,11,40,1,0,44,83,0.231,0.328,0.38,0.708,81.0,120,5,2,1,1,7,0.0
Jake Bauers,23.0,CLE,AL,117,423,372,46,84,16,1,12,43,3,3,45,115,0.226,0.312,0.371,0.683,78.0,138,3,3,0,3,0,0.0
Matt Beaty,26.0,LAD,NL,99,268,249,36,66,19,1,9,46,5,0,17,33,0.265,0.317,0.458,0.775,102.0,114,6,2,0,0,2,0.0
Gordon Beckham,32.0,DET,AL,83,240,223,29,48,13,2,6,15,3,1,13,68,0.215,0.271,0.372,0.643,68.0,83,6,4,0,0,0,1.0
Tim Beckham,29.0,SEA,AL,88,328,304,39,72,21,1,15,47,1,3,21,102,0.237,0.293,0.461,0.753,100.0,140,7,3,0,0,0,0.0
Josh Bell,26.0,PIT,NL,143,613,527,94,146,37,3,37,116,0,1,74,118,0.277,0.367,0.569,0.936,142.0,300,11,5,0,7,13,0.0
Cody Bellinger,23.0,LAD,NL,156,661,558,121,170,34,3,47,115,15,5,95,108,0.305,0.406,0.629,1.035,169.0,351,10,3,0,4,21,0.0
Brandon Belt,31.0,SFG,NL,156,616,526,76,123,32,3,17,57,4,3,83,127,0.234,0.339,0.403,0.742,97.0,212,6,3,0,4,3,1.0
Andrew Benintendi,24.0,BOS,AL,138,615,541,72,144,40,5,13,68,10,3,59,140,0.266,0.343,0.431,0.774,100.0,233,6,7,3,5,1,0.0
Jon Berti,29.0,MIA,NL,73,287,256,52,70,14,1,6,24,17,3,24,73,0.273,0.348,0.406,0.755,101.0,104,2,6,0,1,0,0.0
Mookie Betts,26.0,BOS,AL,150,706,597,135,176,40,5,29,80,16,3,97,101,0.295,0.391,0.524,0.915,135.0,313,11,3,0,9,6,0.0
Bo Bichette,21.0,TOR,AL,46,212,196,32,61,18,0,11,21,4,4,14,50,0.311,0.358,0.571,0.93,144.0,112,2,1,0,1,0,0.0
Cavan Biggio,24.0,TOR,AL,100,430,354,66,83,17,2,16,48,14,0,71,123,0.234,0.364,0.429,0.793,113.0,152,0,2,0,2,0,0.0
Charlie Blackmon,32.0,COL,NL,140,634,580,112,182,42,7,32,86,2,5,40,104,0.314,0.364,0.576,0.94,124.0,334,11,9,0,5,1,1.0
Xander Bogaerts,26.0,BOS,AL,155,698,614,110,190,52,0,33,117,4,2,76,122,0.309,0.384,0.555,0.939,140.0,341,11,2,0,6,2,0.0
David Bote,26.0,CHC,NL,127,356,303,47,78,17,0,11,41,5,1,44,93,0.257,0.362,0.422,0.785,104.0,128,11,7,0,2,4,0.0
Jackie Bradley Jr.,29.0,BOS,AL,147,567,494,69,111,28,3,21,62,8,6,56,155,0.225,0.317,0.421,0.738,90.0,208,6,12,3,2,3,0.0
Michael Brantley,32.0,HOU,AL,148,637,575,88,179,40,2,22,90,3,2,51,66,0.311,0.372,0.503,0.875,126.0,289,21,7,0,4,3,1.0
Ryan Braun,35.0,MIL,NL,144,508,459,70,131,31,2,22,75,11,1,34,105,0.285,0.343,0.505,0.849,116.0,232,15,8,0,3,1,1.0
Alex Bregman,25.0,HOU,AL,156,690,554,122,164,37,2,41,112,5,1,119,83,0.296,0.423,0.592,1.015,162.0,328,9,9,0,8,2,0.0
Lewis Brinson,25.0,MIA,NL,75,248,226,15,39,9,1,0,15,1,1,13,74,0.173,0.236,0.221,0.457,24.0,50,8,6,2,1,1,0.0
Kris Bryant,27.0,CHC,NL,147,634,543,108,153,35,1,31,77,4,0,74,145,0.282,0.382,0.521,0.903,132.0,283,10,15,0,2,1,0.0
Byron Buxton,25.0,MIN,AL,87,295,271,48,71,30,4,10,46,14,3,19,68,0.262,0.314,0.513,0.827,115.0,139,3,2,2,1,1,0.0
Asdrubal Cabrera,33.0,TEX,AL,93,368,323,45,76,15,0,12,51,4,0,38,85,0.235,0.318,0.393,0.711,80.0,127,6,3,0,4,1,1.0
Melky Cabrera,34.0,PIT,NL,133,397,378,43,106,22,1,7,47,2,0,17,41,0.28,0.313,0.399,0.713,87.0,151,14,1,1,0,3,1.0
Miguel Cabrera,36.0,DET,AL,136,549,493,41,139,21,0,12,59,0,0,48,108,0.282,0.346,0.398,0.744,97.0,196,18,3,0,5,4,1.0
Lorenzo Cain,33.0,MIL,NL,148,623,562,75,146,30,0,11,48,18,8,50,106,0.26,0.325,0.372,0.697,81.0,209,14,6,0,4,0,1.0
Kole Calhoun,31.0,LAA,AL,152,632,552,92,128,29,1,33,74,4,1,70,162,0.232,0.325,0.467,0.792,107.0,258,14,7,0,2,7,1.0
Willie Calhoun,24.0,TEX,AL,83,337,309,51,83,14,1,21,48,0,0,23,53,0.269,0.323,0.524,0.848,110.0,162,5,3,0,2,0,0.0
Johan Camargo,25.0,ATL,NL,98,248,232,31,54,12,1,7,32,1,0,15,43,0.233,0.279,0.384,0.663,67.0,89,5,0,1,0,2,0.0
Jeimer Candelario,25.0,DET,AL,94,386,335,33,68,17,2,8,32,3,1,43,99,0.203,0.306,0.337,0.643,70.0,113,3,7,0,1,1,0.0
Mark Canha,30.0,OAK,AL,126,497,410,80,112,16,3,26,58,3,2,67,107,0.273,0.396,0.517,0.913,146.0,212,10,18,0,2,1,1.0
Robinson Cano,36.0,NYM,NL,107,423,390,46,100,28,0,13,39,0,0,25,69,0.256,0.307,0.428,0.736,95.0,167,16,5,0,3,3,1.0
Victor Caratini,25.0,CHC,NL,95,279,244,31,65,11,0,11,34,1,0,29,59,0.266,0.348,0.447,0.794,105.0,109,6,3,0,3,0,0.0
Matt Carpenter,33.0,STL,NL,129,492,416,59,94,20,2,15,46,6,1,63,129,0.226,0.334,0.392,0.726,92.0,163,3,7,1,5,0,1.0
Curt Casali,30.0,CIN,NL,84,236,207,24,52,9,0,8,32,0,0,25,59,0.251,0.331,0.411,0.741,88.0,85,1,1,0,3,1,1.0
Nicholas Castellanos,27.0,DET,AL,100,439,403,57,110,37,3,11,37,2,1,31,96,0.273,0.328,0.462,0.79,105.0,186,7,3,0,2,1,0.0
Nicholas Castellanos,27.0,CHC,NL,51,225,212,43,68,21,0,16,36,0,1,10,47,0.321,0.356,0.646,1.002,153.0,137,5,2,0,1,0,0.0
Welington Castillo,32.0,CHW,AL,72,251,230,19,48,12,0,12,41,0,0,16,74,0.209,0.267,0.417,0.684,79.0,96,8,3,0,2,0,1.0
Harold Castro,25.0,DET,AL,97,369,354,30,103,10,4,5,38,4,2,9,86,0.291,0.305,0.384,0.689,81.0,136,6,0,2,4,0,0.0
Jason Castro,32.0,MIN,AL,79,275,237,39,55,9,0,13,30,0,0,33,88,0.232,0.332,0.435,0.767,102.0,103,0,3,1,1,0,1.0
Starlin Castro,29.0,MIA,NL,162,676,636,68,172,31,4,22,86,2,2,28,111,0.27,0.3,0.436,0.736,93.0,277,23,3,0,9,2,0.0
Jake Cave,26.0,MIN,AL,72,228,198,28,51,11,2,8,25,0,0,21,71,0.258,0.351,0.455,0.805,113.0,90,5,8,0,1,0,0.0
Matt Chapman,26.0,OAK,AL,156,670,583,102,145,36,3,36,91,1,1,73,147,0.249,0.342,0.506,0.848,127.0,295,12,11,0,3,0,0.0
Michael Chavis,23.0,BOS,AL,95,382,347,46,88,10,1,18,58,2,1,31,127,0.254,0.322,0.444,0.766,96.0,154,11,4,0,0,2,0.0
Robinson Chirinos,35.0,HOU,AL,114,437,366,57,87,22,1,17,58,1,2,51,125,0.238,0.347,0.443,0.79,105.0,162,11,13,2,5,1,1.0
Ji-Man Choi,28.0,TBR,AL,127,487,410,54,107,20,2,19,63,2,3,64,108,0.261,0.363,0.459,0.822,120.0,188,7,6,0,7,2,0.0
Shin-Soo Choo,36.0,TEX,AL,151,660,563,93,149,31,2,24,61,15,1,78,165,0.265,0.371,0.455,0.826,109.0,256,6,18,0,1,3,1.0
Michael Conforto,26.0,NYM,NL,151,648,549,90,141,29,1,33,92,7,2,84,149,0.257,0.363,0.494,0.856,127.0,271,11,10,0,5,5,0.0
Willson Contreras,27.0,CHC,NL,105,409,360,57,98,18,2,24,64,1,2,38,102,0.272,0.355,0.533,0.888,127.0,192,4,9,0,2,2,0.0
Garrett Cooper,28.0,MIA,NL,107,421,381,52,107,16,1,15,50,0,0,33,110,0.281,0.344,0.446,0.791,109.0,170,10,5,0,2,0,0.0
Ryan Cordell,27.0,CHW,AL,97,247,217,22,48,8,0,7,24,3,1,19,69,0.221,0.29,0.355,0.645,72.0,77,2,3,6,2,0,0.0
Carlos Correa,24.0,HOU,AL,75,321,280,42,78,16,1,21,59,1,0,35,75,0.279,0.358,0.568,0.926,137.0,159,8,2,0,4,0,0.0
Brandon Crawford,32.0,SFG,NL,147,560,500,58,114,24,2,11,59,3,2,53,117,0.228,0.304,0.35,0.654,74.0,175,10,3,0,4,5,1.0
J.P. Crawford,24.0,SEA,AL,93,396,345,43,78,21,4,7,46,5,3,43,83,0.226,0.313,0.371,0.684,86.0,128,4,2,3,3,0,0.0
C.J. Cron,29.0,MIN,AL,125,499,458,51,116,24,0,25,78,0,0,29,107,0.253,0.311,0.469,0.78,104.0,215,13,10,0,2,3,0.0
Nelson Cruz,38.0,MIN,AL,120,521,454,81,141,26,0,41,108,0,1,56,131,0.311,0.392,0.639,1.031,168.0,290,14,7,0,3,8,1.0
Cheslor Cuthbert,26.0,KCR,AL,87,330,309,24,76,14,0,9,40,1,0,19,67,0.246,0.294,0.379,0.673,76.0,117,14,2,0,0,1,0.0
Travis d'Arnaud,30.0,TBR,AL,92,365,327,50,86,16,0,16,67,0,1,30,80,0.263,0.323,0.459,0.782,108.0,150,3,2,0,6,0,1.0
David Dahl,25.0,COL,NL,100,413,374,67,113,28,5,15,61,4,4,28,110,0.302,0.353,0.524,0.877,110.0,196,3,4,2,5,0,0.0
Chris Davis,33.0,BAL,AL,105,352,307,26,55,9,0,12,36,0,0,39,139,0.179,0.276,0.326,0.601,60.0,100,6,3,0,3,1,1.0
J.D. Davis,26.0,NYM,NL,140,453,410,65,126,22,1,22,57,3,0,38,97,0.307,0.369,0.527,0.895,137.0,216,14,3,0,2,2,0.0
Khris Davis,31.0,OAK,AL,133,533,481,61,106,11,0,23,73,0,0,47,146,0.22,0.293,0.387,0.679,83.0,186,11,3,0,2,3,1.0
Paul DeJong,25.0,STL,NL,159,664,583,97,136,31,1,30,78,9,5,62,149,0.233,0.318,0.444,0.762,99.0,259,15,13,0,6,1,0.0
Delino DeShields,26.0,TEX,AL,118,408,357,42,89,15,4,4,32,24,6,38,100,0.249,0.325,0.347,0.672,72.0,124,8,3,8,2,0,0.0
Ian Desmond,33.0,COL,NL,140,482,443,64,113,31,4,20,65,3,3,34,119,0.255,0.31,0.479,0.788,88.0,212,12,2,1,2,1,1.0
Rafael Devers,22.0,BOS,AL,156,702,647,129,201,54,4,32,115,8,8,48,119,0.311,0.361,0.555,0.916,133.0,359,8,4,1,2,7,0.0
Aledmys Díaz,28.0,HOU,AL,69,247,210,36,57,12,1,9,40,2,0,26,28,0.271,0.356,0.467,0.823,114.0,98,10,5,0,6,1,0.0
Elias Diaz,28.0,PIT,NL,101,332,303,31,73,14,0,2,28,0,0,23,56,0.241,0.296,0.307,0.603,60.0,93,11,2,1,3,0,0.0
Isan Diaz,23.0,MIA,NL,49,201,179,17,31,5,2,5,23,0,3,19,59,0.173,0.259,0.307,0.566,50.0,55,2,2,0,1,0,0.0
Yandy Díaz,27.0,TBR,AL,79,347,307,53,82,20,1,14,38,2,2,35,61,0.267,0.34,0.476,0.816,117.0,146,9,1,0,4,1,0.0
Corey Dickerson,30.0,TOT,NL,78,279,260,33,79,28,2,12,59,1,0,16,56,0.304,0.341,0.565,0.906,131.0,147,4,0,0,3,4,1.0
Derek Dietrich,29.0,CIN,NL,113,306,251,41,47,8,2,19,43,1,1,28,74,0.187,0.328,0.462,0.79,99.0,116,2,25,0,1,2,0.0
Brandon Dixon,27.0,DET,AL,117,420,391,41,97,20,4,15,52,5,1,21,136,0.248,0.29,0.435,0.725,88.0,170,5,4,0,4,0,0.0
Josh Donaldson,33.0,ATL,NL,155,659,549,96,142,33,0,37,94,4,2,100,155,0.259,0.379,0.521,0.9,126.0,286,13,8,0,2,2,1.0
Brian Dozier,32.0,WSN,NL,135,482,416,54,99,20,0,20,50,3,4,61,105,0.238,0.34,0.43,0.771,97.0,179,11,4,0,1,2,1.0
Hunter Dozier,27.0,KCR,AL,139,586,523,75,146,29,10,26,84,2,2,55,148,0.279,0.348,0.522,0.87,125.0,273,9,3,0,5,2,0.0
Brandon Drury,26.0,TOR,AL,120,447,418,43,91,21,1,15,41,0,1,25,113,0.218,0.262,0.38,0.642,70.0,159,6,1,0,3,0,0.0
Steven Duggar,25.0,SFG,NL,73,281,261,26,61,12,2,4,28,1,4,16,78,0.234,0.278,0.341,0.619,64.0,89,1,1,0,3,0,0.0
Jarrod Dyson,34.0,ARI,NL,130,452,400,65,92,11,2,7,27,30,4,47,86,0.23,0.313,0.32,0.633,65.0,128,1,2,1,2,0,1.0
Adam Eaton,30.0,WSN,NL,151,656,566,103,158,25,7,15,49,15,3,65,106,0.279,0.365,0.428,0.792,104.0,242,8,13,9,3,0,1.0
Tommy Edman,24.0,STL,NL,92,349,326,59,99,17,7,11,36,15,1,16,61,0.304,0.35,0.5,0.85,122.0,163,3,7,0,0,0,0.0
Edwin Encarnacion,36.0,TOT,AL,109,486,418,81,102,18,0,34,86,0,1,58,103,0.244,0.344,0.531,0.875,131.0,222,4,7,0,3,1,1.0
Edwin Encarnacion,36.0,SEA,AL,65,289,241,48,58,7,0,21,49,0,1,41,55,0.241,0.356,0.531,0.888,137.0,128,3,4,0,3,0,1.0
Adam Engel,27.0,CHW,AL,89,248,227,26,55,10,2,6,26,3,3,14,78,0.242,0.304,0.383,0.687,83.0,87,5,6,1,0,0,0.0
Phil Ervin,26.0,CIN,NL,94,260,236,30,64,11,7,7,23,4,3,18,63,0.271,0.331,0.466,0.797,101.0,110,4,4,0,2,0,0.0
Eduardo Escobar,30.0,ARI,NL,158,699,636,94,171,29,10,35,118,5,1,50,130,0.269,0.32,0.511,0.831,110.0,325,8,3,0,10,3,1.0
David Fletcher,25.0,LAA,AL,154,653,596,83,173,30,4,6,49,8,3,55,64,0.29,0.35,0.384,0.734,95.0,229,8,0,1,1,2,0.0
Wilmer Flores,27.0,ARI,NL,89,285,265,31,84,18,0,9,37,0,0,15,31,0.317,0.361,0.487,0.848,117.0,129,9,4,0,1,0,0.0
Tyler Flowers,33.0,ATL,NL,85,310,271,36,62,11,3,11,34,0,0,31,105,0.229,0.319,0.413,0.733,85.0,112,8,6,0,2,3,1.0
Logan Forsythe,32.0,TEX,AL,101,367,317,38,72,17,1,7,39,2,0,44,100,0.227,0.325,0.353,0.678,73.0,112,8,3,0,2,0,1.0
Dexter Fowler,33.0,STL,NL,150,574,487,69,116,24,1,19,67,8,5,74,142,0.238,0.346,0.409,0.754,100.0,199,6,8,1,4,1,1.0
Ty France,24.0,SDP,NL,69,201,184,20,43,8,1,7,24,0,2,9,49,0.234,0.294,0.402,0.696,84.0,74,8,7,0,1,0,0.0
Maikel Franco,26.0,PHI,NL,123,428,389,48,91,17,0,17,56,0,0,36,61,0.234,0.297,0.409,0.705,81.0,159,14,0,0,3,19,0.0
Adam Frazier,27.0,PIT,NL,152,608,554,80,154,33,7,10,50,5,5,40,75,0.278,0.336,0.417,0.753,98.0,231,6,9,4,1,4,0.0
Clint Frazier,24.0,NYY,AL,69,246,225,31,60,14,0,12,38,1,2,16,70,0.267,0.317,0.489,0.806,110.0,110,2,2,0,3,1,0.0
Todd Frazier,33.0,NYM,NL,133,499,447,63,112,19,2,21,67,1,2,40,106,0.251,0.329,0.443,0.772,105.0,198,9,12,0,0,1,1.0
Freddie Freeman,29.0,ATL,NL,158,692,597,113,176,34,2,38,121,6,3,87,127,0.295,0.389,0.549,0.938,135.0,328,17,6,0,2,11,0.0
Mike Freeman,31.0,CLE,AL,75,213,177,27,49,8,0,4,24,1,2,22,61,0.277,0.362,0.39,0.752,97.0,69,2,4,6,4,0,1.0
Joey Gallo,25.0,TEX,AL,70,297,241,54,61,15,1,22,49,4,2,52,114,0.253,0.389,0.598,0.986,145.0,144,0,2,1,1,4,0.0
Freddy Galvis,29.0,TOR,AL,115,473,450,55,120,24,1,18,54,4,1,21,112,0.267,0.299,0.444,0.743,96.0,200,11,0,1,1,1,0.0
Ben Gamel,27.0,MIL,NL,134,356,311,47,77,18,0,7,33,2,2,40,104,0.248,0.337,0.373,0.71,85.0,116,0,3,0,2,2,0.0
Avisail Garcia,28.0,TBR,AL,125,530,489,61,138,25,2,20,72,10,4,31,125,0.282,0.332,0.464,0.796,112.0,227,15,7,0,3,2,0.0
Greg Garcia,29.0,SDP,NL,134,372,311,52,77,13,4,4,31,0,2,53,83,0.248,0.364,0.354,0.718,94.0,110,4,5,1,2,1,0.0
Leury Garcia,28.0,CHW,AL,140,618,577,93,161,27,3,8,40,15,5,21,139,0.279,0.31,0.378,0.688,83.0,218,6,6,11,3,0,0.0
Brett Gardner,35.0,NYY,AL,141,550,491,86,123,26,7,28,74,10,2,52,108,0.251,0.325,0.503,0.829,116.0,247,6,4,0,3,0,1.0
Mitch Garver,28.0,MIN,AL,93,359,311,70,85,16,1,31,67,0,0,41,87,0.273,0.365,0.63,0.995,157.0,196,5,5,0,2,0,0.0
Paul Goldschmidt,31.0,STL,NL,161,682,597,97,155,25,1,34,97,3,1,78,166,0.26,0.346,0.476,0.821,115.0,284,11,2,0,3,2,1.0
Yan Gomes,31.0,WSN,NL,97,358,314,36,70,16,0,12,43,2,0,38,84,0.223,0.316,0.389,0.704,80.0,122,7,5,0,1,6,1.0
Marwin Gonzalez,30.0,MIN,AL,114,463,425,52,112,19,0,15,55,1,0,31,98,0.264,0.322,0.414,0.736,94.0,176,7,6,0,1,2,1.0
Niko Goodrum,27.0,DET,AL,112,472,423,61,105,27,5,12,45,12,3,46,138,0.248,0.322,0.421,0.743,94.0,178,7,1,0,2,1,0.0
Brian Goodwin,28.0,LAA,AL,136,458,413,65,108,29,3,17,47,7,3,38,129,0.262,0.326,0.47,0.796,108.0,194,3,3,1,3,2,0.0
Alex Gordon,35.0,KCR,AL,150,633,556,77,148,31,1,13,76,5,3,51,100,0.266,0.345,0.396,0.741,96.0,220,13,19,1,6,4,1.0
Yasmani Grandal,30.0,MIL,NL,153,632,513,79,126,26,2,28,77,5,1,109,139,0.246,0.38,0.468,0.848,119.0,240,16,5,0,5,2,1.0
Curtis Granderson,38.0,MIA,NL,138,363,317,44,58,17,1,12,34,0,3,41,98,0.183,0.281,0.356,0.637,69.0,113,3,3,0,2,1,1.0
Didi Gregorius,29.0,NYY,AL,82,344,324,47,77,14,2,16,61,2,1,17,53,0.238,0.276,0.441,0.718,87.0,143,5,1,0,2,1,0.0
Grayson Greiner,26.0,DET,AL,58,224,208,18,42,5,1,5,19,0,0,13,70,0.202,0.251,0.308,0.559,47.0,64,5,1,1,1,0,0.0
Randal Grichuk,27.0,TOR,AL,151,628,586,75,136,29,5,31,80,2,1,35,163,0.232,0.28,0.457,0.738,93.0,268,20,5,0,2,0,0.0
Robbie Grossman,29.0,OAK,AL,138,482,420,57,101,21,3,6,38,9,4,59,86,0.24,0.334,0.348,0.682,87.0,146,7,1,0,2,2,0.0
Vladimir Guerrero Jr.,20.0,TOR,AL,123,514,464,52,126,26,2,15,69,0,1,46,91,0.272,0.339,0.433,0.772,106.0,201,17,2,0,2,0,0.0
Lourdes Gurriel Jr.,25.0,TOR,AL,84,343,314,52,87,19,2,20,50,6,4,20,86,0.277,0.327,0.541,0.869,127.0,170,4,5,1,3,0,0.0
Yuli Gurriel,35.0,HOU,AL,144,612,564,85,168,40,2,31,104,5,3,37,65,0.298,0.343,0.541,0.884,126.0,305,12,5,0,6,2,1.0
Ronald Guzman,24.0,TEX,AL,87,295,256,34,56,20,0,10,36,1,2,32,87,0.219,0.308,0.414,0.723,81.0,106,7,3,0,4,1,0.0
Billy Hamilton,28.0,KCR,AL,93,305,275,32,58,12,2,0,12,18,5,25,74,0.211,0.275,0.269,0.544,46.0,74,1,0,3,2,0,0.0
Garrett Hampson,24.0,COL,NL,105,327,299,40,74,9,4,8,27,15,3,24,88,0.247,0.302,0.385,0.686,66.0,115,2,0,2,2,1,0.0
Mitch Haniger,28.0,SEA,AL,63,283,246,46,54,13,1,15,32,4,0,30,81,0.22,0.314,0.463,0.778,108.0,114,3,5,0,2,1,0.0
Bryce Harper,26.0,PHI,NL,157,682,573,98,149,36,1,35,114,15,3,99,178,0.26,0.372,0.51,0.882,126.0,292,10,6,0,4,11,0.0
Adam Haseley,23.0,PHI,NL,67,242,222,30,59,14,0,5,26,4,0,14,60,0.266,0.324,0.396,0.72,86.0,88,7,5,1,0,1,0.0
Adeiny Hechavarria,30.0,TOT,NL,84,221,203,34,49,12,1,9,33,3,1,14,48,0.241,0.299,0.443,0.742,92.0,90,3,3,0,1,0,1.0
Austin Hedges,26.0,SDP,NL,102,347,312,28,55,9,0,11,36,1,0,27,109,0.176,0.252,0.311,0.563,50.0,97,3,5,2,1,3,0.0
Guillermo Heredia,28.0,TBR,AL,89,231,204,31,46,13,0,5,20,2,2,18,60,0.225,0.306,0.363,0.668,80.0,74,4,6,2,1,0,0.0
Cesar Hernandez,29.0,PHI,NL,161,667,612,77,171,31,3,14,71,9,2,45,100,0.279,0.333,0.408,0.741,92.0,250,9,6,0,4,4,0.0
Enrique Hernandez,27.0,LAD,NL,130,460,414,57,98,19,1,17,64,4,0,36,97,0.237,0.304,0.411,0.715,87.0,170,9,6,0,4,3,0.0
Teoscar Hernandez,26.0,TOR,AL,125,464,417,58,96,19,2,26,65,6,3,45,153,0.23,0.306,0.472,0.778,105.0,197,8,1,0,1,1,0.0
Jason Heyward,29.0,CHC,NL,147,589,513,78,129,20,4,21,62,8,3,68,110,0.251,0.343,0.429,0.772,100.0,220,12,5,0,3,5,0.0
Aaron Hicks,29.0,NYY,AL,59,255,221,41,52,10,0,12,36,1,2,31,72,0.235,0.325,0.443,0.769,102.0,98,2,0,0,3,0,0.0
John Hicks,29.0,DET,AL,95,333,319,29,67,15,0,13,35,1,1,13,109,0.21,0.24,0.379,0.62,60.0,121,7,0,0,1,0,0.0
Keston Hiura,22.0,MIL,NL,84,348,314,51,95,23,2,19,49,9,3,25,107,0.303,0.368,0.57,0.938,138.0,179,6,8,0,1,1,0.0
Brock Holt,31.0,BOS,AL,87,295,259,38,77,14,2,3,31,1,0,28,57,0.297,0.369,0.402,0.771,101.0,104,4,4,0,4,1,1.0
Rhys Hoskins,26.0,PHI,NL,160,705,570,86,129,33,5,29,85,2,2,116,173,0.226,0.364,0.454,0.819,111.0,259,10,11,0,6,6,0.0
Eric Hosmer,29.0,SDP,NL,160,667,619,72,164,29,2,22,99,0,3,40,163,0.265,0.31,0.425,0.735,94.0,263,12,3,0,5,3,0.0
José Iglesias,29.0,CIN,NL,146,530,504,62,145,21,3,11,59,6,6,20,70,0.288,0.318,0.407,0.724,84.0,205,17,3,1,2,3,0.0
Ender Inciarte,28.0,ATL,NL,65,230,199,30,49,11,2,5,24,7,1,26,41,0.246,0.343,0.397,0.74,88.0,79,1,4,0,1,2,0.0
Danny Jansen,24.0,TOR,AL,107,384,347,41,72,12,1,13,43,0,1,31,79,0.207,0.279,0.36,0.64,70.0,125,8,4,1,1,1,0.0
Eloy Jimenez,22.0,CHW,AL,122,504,468,69,125,18,2,31,79,0,0,30,134,0.267,0.315,0.513,0.828,116.0,240,11,4,0,2,0,0.0
Adam Jones,33.0,ARI,NL,137,528,485,66,126,25,1,16,67,2,1,31,101,0.26,0.313,0.414,0.728,86.0,201,15,8,0,3,2,1.0
JaCoby Jones,27.0,DET,AL,88,333,298,39,70,19,3,11,26,7,2,27,94,0.235,0.31,0.43,0.74,93.0,128,6,6,1,1,2,0.0
Matthew Joyce,34.0,ATL,NL,129,238,200,32,59,10,0,7,23,0,0,38,45,0.295,0.408,0.45,0.858,119.0,90,3,0,0,0,0,1.0
Aaron Judge,27.0,NYY,AL,102,447,378,75,103,18,1,27,55,3,2,64,141,0.272,0.381,0.54,0.921,142.0,204,11,3,0,1,4,0.0
Carson Kelly,24.0,ARI,NL,111,365,314,46,77,19,0,18,47,0,0,48,79,0.245,0.348,0.478,0.826,111.0,150,11,2,0,1,10,0.0
Howie Kendrick,35.0,WSN,NL,121,370,334,61,115,23,1,17,62,2,1,27,49,0.344,0.395,0.572,0.966,145.0,191,11,4,0,5,1,1.0
Max Kepler,26.0,MIN,AL,134,596,524,98,132,32,0,36,90,1,5,60,99,0.252,0.336,0.519,0.855,123.0,272,5,8,0,4,0,0.0
Kevin Kiermaier,29.0,TBR,AL,129,480,447,60,102,20,7,14,55,19,5,26,104,0.228,0.278,0.398,0.676,79.0,178,8,5,1,1,2,0.0
Isiah Kiner-Falefa,24.0,TEX,AL,65,222,202,23,48,12,1,1,21,3,0,14,49,0.238,0.299,0.322,0.62,58.0,65,9,4,1,1,0,0.0
Scott Kingery,25.0,PHI,NL,126,500,458,64,118,34,4,19,55,15,4,34,147,0.258,0.315,0.474,0.788,101.0,217,3,5,1,2,1,0.0
Ian Kinsler,37.0,SDP,NL,87,281,258,28,56,12,0,9,22,2,4,19,54,0.217,0.278,0.368,0.646,71.0,95,5,3,0,1,0,1.0
Jason Kipnis,32.0,CLE,AL,121,511,458,52,112,23,1,17,65,7,2,40,88,0.245,0.304,0.41,0.715,84.0,188,7,2,5,6,2,1.0
Tommy La Stella,30.0,LAA,AL,80,321,292,49,86,8,0,16,44,0,0,20,28,0.295,0.346,0.486,0.832,118.0,142,8,3,0,0,0,1.0
Juan Lagares,30.0,NYM,NL,133,285,258,38,55,12,1,5,27,4,1,22,75,0.213,0.279,0.326,0.605,62.0,84,8,2,2,1,4,1.0
Jake Lamb,28.0,ARI,NL,78,226,187,26,36,8,2,6,30,1,0,32,55,0.193,0.323,0.353,0.676,75.0,66,4,5,0,2,1,0.0
Ramon Laureano,24.0,OAK,AL,123,481,434,79,125,29,0,24,67,13,2,27,123,0.288,0.34,0.521,0.86,129.0,226,7,11,1,8,0,0.0
DJ LeMahieu,30.0,NYY,AL,145,655,602,109,197,33,2,26,102,5,2,46,90,0.327,0.375,0.518,0.893,135.0,312,14,2,1,4,0,1.0
Francisco Lindor,25.0,CLE,AL,143,654,598,101,170,40,2,32,74,22,5,46,98,0.284,0.335,0.518,0.854,118.0,310,13,3,1,6,9,0.0
Tim Locastro,26.0,ARI,NL,91,250,212,38,53,12,2,1,17,17,0,14,44,0.25,0.357,0.34,0.697,83.0,72,1,22,1,1,0,0.0
Evan Longoria,33.0,SFG,NL,129,508,453,59,115,19,2,20,69,3,1,43,112,0.254,0.325,0.437,0.762,101.0,198,14,7,0,5,1,1.0
Nicky Lopez,24.0,KCR,AL,103,402,379,44,91,22,2,2,30,1,1,18,51,0.24,0.276,0.325,0.601,59.0,123,5,1,4,0,0,0.0
Brandon Lowe,24.0,TBR,AL,82,327,296,42,80,17,2,17,51,5,0,25,113,0.27,0.336,0.514,0.85,125.0,152,1,5,0,1,0,0.0
Jonathan Lucroy,33.0,LAA,AL,74,268,240,28,58,8,1,7,30,0,0,21,39,0.242,0.31,0.371,0.681,80.0,89,15,4,0,3,0,1.0
Dawel Lugo,24.0,DET,AL,77,288,273,28,67,11,4,6,26,0,0,8,59,0.245,0.271,0.381,0.652,70.0,104,8,3,0,4,1,0.0
Jordan Luplow,25.0,CLE,AL,85,261,225,42,62,15,1,15,38,3,2,33,61,0.276,0.372,0.551,0.923,136.0,124,7,2,0,1,0,0.0
Manny Machado,26.0,SDP,NL,156,661,587,81,150,21,2,32,85,5,3,65,128,0.256,0.334,0.462,0.796,110.0,271,24,6,0,3,3,0.0
Martin Maldonado,32.0,TOT,AL,101,361,322,46,71,19,0,12,27,0,0,30,81,0.22,0.298,0.391,0.689,80.0,126,11,6,2,1,0,1.0
Martin Maldonado,32.0,KCR,AL,74,263,238,26,54,15,0,6,17,0,0,17,55,0.227,0.291,0.366,0.657,72.0,87,9,5,2,1,0,1.0
Trey Mancini,27.0,BAL,AL,154,679,602,106,175,38,2,35,97,1,0,63,143,0.291,0.364,0.535,0.899,135.0,322,22,9,0,5,3,0.0
Manuel Margot,24.0,SDP,NL,151,441,398,59,93,19,3,12,37,20,4,38,88,0.234,0.304,0.387,0.691,83.0,154,6,2,3,0,1,0.0
Jake Marisnick,28.0,HOU,AL,120,318,292,46,68,16,3,10,34,10,3,17,95,0.233,0.289,0.411,0.7,80.0,120,6,6,3,0,0,0.0
Nick Markakis,35.0,ATL,NL,116,469,414,61,118,25,2,9,62,2,0,47,59,0.285,0.356,0.42,0.776,97.0,174,11,2,0,6,1,1.0
Ketel Marte,25.0,ARI,NL,144,628,569,97,187,36,9,32,92,10,2,53,86,0.329,0.389,0.592,0.981,148.0,337,7,4,0,2,2,0.0
Starling Marte,30.0,PIT,NL,132,586,539,97,159,31,6,23,82,25,6,25,94,0.295,0.342,0.503,0.845,119.0,271,15,16,2,4,1,1.0
Leonys Martín,31.0,CLE,AL,65,264,236,32,47,7,0,9,19,4,5,21,78,0.199,0.276,0.343,0.619,61.0,81,1,4,3,0,0,1.0
Richie Martin,24.0,BAL,AL,120,309,283,29,59,8,3,6,23,10,1,14,83,0.208,0.26,0.322,0.581,54.0,91,6,6,5,1,0,0.0
Russell Martin,36.0,LAD,NL,83,249,209,29,46,5,0,6,20,1,0,30,60,0.22,0.337,0.33,0.667,79.0,69,1,8,0,2,3,1.0
J.D. Martinez,31.0,BOS,AL,146,657,575,98,175,33,2,36,105,2,0,72,138,0.304,0.383,0.557,0.939,140.0,320,19,4,0,5,9,1.0
Jose Martinez,30.0,STL,NL,128,373,334,45,90,13,2,10,42,3,0,35,82,0.269,0.34,0.41,0.751,98.0,137,14,2,0,2,0,1.0
Jeff Mathis,36.0,TEX,AL,86,244,228,17,36,9,0,2,12,1,0,15,87,0.158,0.209,0.224,0.433,11.0,51,2,0,0,1,1,1.0
Cameron Maybin,32.0,NYY,AL,82,269,239,48,68,17,0,11,32,9,6,30,72,0.285,0.364,0.494,0.858,126.0,118,5,0,0,0,0,1.0
Nomar Mazara,24.0,TEX,AL,116,469,429,69,115,27,1,19,66,4,1,28,108,0.268,0.318,0.469,0.786,96.0,201,5,6,0,6,2,0.0
Brian McCann,35.0,ATL,NL,85,316,277,28,69,9,0,12,45,0,0,31,53,0.249,0.323,0.412,0.734,85.0,114,10,2,0,6,1,1.0
James McCann,29.0,CHW,AL,118,476,439,62,120,26,1,18,60,4,1,30,137,0.273,0.328,0.46,0.789,108.0,202,10,6,1,0,1,0.0
Andrew McCutchen,32.0,PHI,NL,59,262,219,45,56,12,1,10,29,2,1,43,55,0.256,0.378,0.457,0.834,116.0,100,1,0,0,0,0,1.0
Billy McKinney,24.0,TOR,AL,84,276,251,37,54,14,1,12,28,0,2,19,73,0.215,0.274,0.422,0.696,83.0,106,0,2,2,2,0,0.0
Ryan McMahon,24.0,COL,NL,141,539,480,70,120,22,1,24,83,5,1,56,160,0.25,0.329,0.45,0.779,88.0,216,14,1,1,1,1,0.0
Jeff McNeil,27.0,NYM,NL,133,567,510,83,162,38,1,23,75,5,6,35,75,0.318,0.384,0.531,0.916,143.0,271,5,21,0,1,2,0.0
Austin Meadows,24.0,TBR,AL,138,591,530,83,154,29,7,33,89,12,7,54,131,0.291,0.364,0.558,0.922,144.0,296,3,7,0,0,6,0.0
Francisco Mejia,23.0,SDP,NL,79,244,226,27,60,11,2,8,22,1,1,13,56,0.265,0.316,0.438,0.754,99.0,99,6,4,0,1,1,0.0
Oscar Mercado,24.0,CLE,AL,115,482,438,70,118,25,3,15,54,15,4,28,84,0.269,0.318,0.443,0.761,96.0,194,9,5,7,4,0,0.0
Jordy Mercer,32.0,DET,AL,74,271,256,24,69,16,0,9,22,0,0,13,57,0.27,0.31,0.438,0.747,94.0,112,4,2,0,0,1,1.0
Whit Merrifield,30.0,KCR,AL,162,735,681,105,206,41,10,16,74,20,10,45,126,0.302,0.348,0.463,0.811,112.0,315,8,5,0,4,5,1.0
Yadier Molina,36.0,STL,NL,113,452,419,45,113,24,0,10,57,6,0,23,58,0.27,0.312,0.399,0.711,87.0,167,14,5,0,5,0,1.0
Yoan Moncada,24.0,CHW,AL,132,559,511,83,161,34,5,25,79,10,3,40,154,0.315,0.367,0.548,0.915,140.0,280,1,4,1,3,2,0.0
Adalberto Mondesi,23.0,KCR,AL,102,443,415,58,109,20,10,9,62,43,7,19,132,0.263,0.291,0.424,0.715,86.0,176,6,0,3,6,0,0.0
Dylan Moore,26.0,SEA,AL,113,282,247,31,51,14,2,9,28,11,9,25,93,0.206,0.302,0.389,0.691,87.0,96,6,9,1,0,0,0.0
Kendrys Morales,36.0,TOT,AL,53,201,170,16,33,2,1,2,12,0,0,26,26,0.194,0.313,0.253,0.566,57.0,43,6,4,0,1,0,1.0
Colin Moran,26.0,PIT,NL,149,503,466,46,129,30,1,13,80,0,1,30,117,0.277,0.322,0.429,0.751,96.0,200,13,3,0,4,4,0.0
Mitch Moreland,33.0,BOS,AL,91,335,298,48,75,17,1,19,58,1,0,34,74,0.252,0.328,0.507,0.835,112.0,151,12,1,0,2,0,1.0
Mike Moustakas,30.0,MIL,NL,143,584,523,80,133,30,1,35,87,3,0,53,98,0.254,0.329,0.516,0.845,114.0,270,12,6,0,2,5,1.0
Max Muncy,28.0,LAD,NL,141,589,487,101,122,22,1,35,98,4,1,90,149,0.251,0.374,0.515,0.889,133.0,251,5,8,0,4,1,0.0
Daniel Murphy,34.0,COL,NL,132,478,438,56,122,35,1,13,78,1,1,32,74,0.279,0.328,0.452,0.78,88.0,198,10,2,0,4,1,1.0
Tom Murphy,28.0,SEA,AL,75,281,260,32,71,12,1,18,40,2,0,19,87,0.273,0.324,0.535,0.858,128.0,139,0,1,0,1,0,0.0
Wil Myers,28.0,SDP,NL,155,490,435,58,104,22,1,18,53,16,7,51,168,0.239,0.321,0.418,0.739,96.0,182,12,2,1,1,0,0.0
Tyler Naquin,28.0,CLE,AL,89,294,274,34,79,19,0,10,34,4,2,14,66,0.288,0.325,0.467,0.792,103.0,128,8,2,2,2,2,0.0
Omar Narvaez,27.0,SEA,AL,132,482,428,63,119,12,0,22,55,0,0,47,92,0.278,0.353,0.46,0.813,119.0,197,5,4,0,3,1,0.0
Josh Naylor,22.0,SDP,NL,94,279,253,29,63,15,0,8,32,1,1,25,64,0.249,0.315,0.403,0.719,91.0,102,4,0,0,1,1,0.0
Kevin Newman,25.0,PIT,NL,130,531,493,61,152,20,6,12,64,16,8,28,62,0.308,0.353,0.446,0.8,110.0,220,5,7,2,1,2,0.0
Brandon Nimmo,26.0,NYM,NL,69,254,199,34,44,11,1,8,29,3,0,46,71,0.221,0.375,0.407,0.783,111.0,81,1,5,1,3,2,0.0
Austin Nola,29.0,SEA,AL,79,267,238,37,64,12,1,10,31,1,0,23,63,0.269,0.342,0.454,0.796,114.0,108,8,4,1,1,1,0.0
Renato Nunez,25.0,BAL,AL,151,599,541,72,132,24,0,31,90,1,1,44,143,0.244,0.311,0.46,0.771,101.0,249,9,10,0,4,1,0.0
Ryan O'Hearn,25.0,KCR,AL,105,370,328,32,64,13,1,14,38,0,1,39,99,0.195,0.281,0.369,0.65,70.0,121,7,1,0,2,1,0.0
Rougned Odor,25.0,TEX,AL,145,581,522,77,107,30,1,30,93,11,9,52,178,0.205,0.283,0.439,0.721,79.0,229,4,5,1,1,2,0.0
Shohei Ohtani,24.0,LAA,AL,106,425,384,51,110,20,5,18,62,12,3,33,110,0.286,0.343,0.505,0.848,121.0,194,6,2,0,4,1,0.0
Matt Olson,25.0,OAK,AL,127,547,483,73,129,26,0,36,91,0,0,51,138,0.267,0.351,0.545,0.896,139.0,263,11,12,0,1,7,0.0
Jose Osuna,26.0,PIT,NL,95,285,261,41,69,20,0,10,36,0,0,18,48,0.264,0.31,0.456,0.766,99.0,119,6,1,0,4,0,0.0
Marcell Ozuna,28.0,STL,NL,130,549,485,80,117,23,1,29,89,12,2,62,114,0.241,0.328,0.472,0.8,109.0,229,21,1,0,1,2,0.0
Joe Panik,28.0,TOT,NL,142,491,438,50,107,21,2,5,39,4,2,43,47,0.244,0.315,0.336,0.651,75.0,147,6,4,2,4,2,0.0
Joe Panik,28.0,SFG,NL,103,388,344,33,81,17,1,3,27,4,2,36,38,0.235,0.31,0.317,0.627,68.0,109,5,3,1,4,2,0.0
Gerardo Parra,32.0,TOT,NL,119,301,274,38,64,14,1,9,48,8,3,19,59,0.234,0.293,0.391,0.684,76.0,107,7,5,1,2,3,1.0
Gerardo Parra,32.0,WSN,NL,89,204,188,30,47,11,1,8,42,6,2,11,41,0.25,0.3,0.447,0.747,89.0,84,7,3,1,1,1,1.0
Joc Pederson,27.0,LAD,NL,149,514,450,83,112,16,3,36,74,1,1,50,111,0.249,0.339,0.538,0.876,127.0,242,4,12,0,2,2,0.0
Hunter Pence,36.0,TEX,AL,83,316,286,53,85,17,1,18,59,6,1,26,69,0.297,0.358,0.552,0.91,126.0,158,2,2,0,2,0,1.0
David Peralta,31.0,ARI,NL,99,423,382,48,105,29,3,12,57,0,0,35,87,0.275,0.343,0.461,0.804,105.0,176,9,5,0,1,3,1.0
Jose Peraza,25.0,CIN,NL,141,403,376,37,90,18,2,6,33,7,6,17,58,0.239,0.285,0.346,0.631,61.0,130,9,8,0,2,0,0.0
Hernan Perez,28.0,MIL,NL,91,246,232,29,53,11,0,8,18,5,1,11,66,0.228,0.262,0.379,0.642,64.0,88,9,0,2,1,0,0.0
Roberto Perez,30.0,CLE,AL,119,449,389,46,93,9,1,24,63,0,0,45,127,0.239,0.321,0.452,0.774,99.0,176,12,4,7,4,1,1.0
Tommy Pham,31.0,TBR,AL,145,654,567,77,155,33,2,21,68,25,4,81,123,0.273,0.369,0.45,0.818,120.0,255,22,5,0,1,4,1.0
Josh Phegley,31.0,OAK,AL,106,342,314,44,75,18,0,12,62,0,1,15,63,0.239,0.282,0.411,0.693,86.0,129,11,6,2,5,0,1.0
Kevin Pillar,30.0,SFG,NL,156,628,595,82,157,37,3,21,87,14,5,18,86,0.264,0.293,0.442,0.735,92.0,263,15,9,0,6,4,1.0
Chad Pinder,27.0,OAK,AL,124,370,341,45,82,21,0,13,47,0,1,20,88,0.24,0.29,0.416,0.706,89.0,142,11,5,1,3,0,0.0
Stephen Piscotty,28.0,OAK,AL,93,393,357,46,89,17,1,13,44,2,0,29,84,0.249,0.309,0.412,0.72,94.0,147,13,3,1,3,0,0.0
Jorge Polanco,25.0,MIN,AL,153,704,631,107,186,40,7,22,79,4,3,60,116,0.295,0.356,0.485,0.841,121.0,306,11,4,2,7,2,0.0
AJ Pollock,31.0,LAD,NL,86,342,308,49,82,15,1,15,47,5,1,23,74,0.266,0.327,0.468,0.795,108.0,144,7,7,0,4,1,1.0
Buster Posey,32.0,SFG,NL,114,445,405,43,104,24,0,7,38,0,0,34,71,0.257,0.32,0.368,0.688,83.0,149,18,4,1,1,1,1.0
Martin Prado,35.0,MIA,NL,104,260,245,26,57,9,0,2,15,0,0,12,41,0.233,0.265,0.294,0.559,49.0,72,10,0,0,3,0,1.0
Jurickson Profar,26.0,OAK,AL,139,518,459,65,100,24,2,20,67,9,1,48,75,0.218,0.301,0.41,0.711,91.0,188,12,8,0,3,2,0.0
Yasiel Puig,28.0,CIN,NL,100,404,373,51,94,15,1,22,61,14,5,23,89,0.252,0.302,0.475,0.777,94.0,177,9,5,0,3,1,0.0
Yasiel Puig,28.0,CLE,AL,49,207,182,25,54,15,1,2,23,5,2,21,44,0.297,0.377,0.423,0.8,109.0,77,4,3,0,1,0,0.0
Albert Pujols,39.0,LAA,AL,131,545,491,55,120,22,0,23,93,3,0,43,68,0.244,0.305,0.43,0.734,92.0,211,21,3,0,8,1,1.0
Harold Ramirez,24.0,MIA,NL,119,446,421,54,116,20,3,11,50,2,1,18,91,0.276,0.312,0.416,0.728,92.0,175,8,5,0,1,1,0.0
Jose Ramirez,26.0,CLE,AL,129,542,482,68,123,33,3,23,83,24,4,52,74,0.255,0.327,0.479,0.806,106.0,231,8,2,0,6,3,0.0
Wilson Ramos,31.0,NYM,NL,141,524,473,52,136,19,0,14,73,1,0,44,69,0.288,0.351,0.416,0.768,106.0,197,16,4,0,3,5,1.0
J.T. Realmuto,28.0,PHI,NL,145,593,538,92,148,36,3,25,83,9,1,41,123,0.275,0.328,0.493,0.82,109.0,265,12,5,0,8,2,0.0
Josh Reddick,32.0,HOU,AL,141,550,501,57,138,19,3,14,56,5,2,36,66,0.275,0.319,0.409,0.728,89.0,205,9,0,1,9,1,1.0
Anthony Rendon,29.0,WSN,NL,146,646,545,117,174,44,3,34,126,5,1,80,86,0.319,0.412,0.598,1.01,156.0,326,13,12,0,9,8,0.0
Hunter Renfroe,27.0,SDP,NL,140,494,440,64,95,19,1,33,64,5,0,46,154,0.216,0.289,0.489,0.778,103.0,215,6,2,0,6,1,0.0
Luis Rengifo,22.0,LAA,AL,108,406,357,44,85,18,3,7,33,2,5,40,93,0.238,0.321,0.364,0.685,82.0,130,6,5,1,3,0,0.0
Franmil Reyes,23.0,SDP,NL,99,354,321,43,82,9,0,27,46,0,0,29,93,0.255,0.314,0.536,0.849,121.0,172,12,0,0,4,1,0.0
Victor Reyes,24.0,DET,AL,69,292,276,29,84,16,5,3,25,9,3,14,64,0.304,0.336,0.431,0.767,101.0,119,5,0,0,2,0,0.0
Bryan Reynolds,24.0,PIT,NL,134,546,491,83,154,37,4,16,68,3,2,46,121,0.314,0.377,0.503,0.88,130.0,247,9,6,0,3,0,0.0
Austin Riley,22.0,ATL,NL,80,297,274,41,62,11,1,18,49,0,2,16,108,0.226,0.279,0.471,0.75,86.0,129,4,5,0,2,3,0.0
Anthony Rizzo,29.0,CHC,NL,146,613,512,89,150,29,3,27,94,5,2,71,86,0.293,0.405,0.52,0.924,139.0,266,15,27,0,3,3,0.0
Daniel Robertson,25.0,TBR,AL,74,237,207,23,44,9,1,2,19,2,2,24,59,0.213,0.312,0.295,0.607,66.0,61,10,6,0,0,0,0.0
Victor Robles,22.0,WSN,NL,155,617,546,86,139,33,3,17,65,28,9,35,140,0.255,0.326,0.419,0.745,90.0,229,6,25,6,5,3,0.0
Ronny Rodriguez,27.0,DET,AL,84,294,276,29,61,12,3,14,43,3,1,13,82,0.221,0.252,0.438,0.69,77.0,121,5,0,0,5,0,0.0
Miguel Rojas,30.0,MIA,NL,132,526,483,52,137,29,1,5,46,9,5,32,62,0.284,0.331,0.379,0.71,89.0,183,15,5,1,5,2,1.0
Austin Romine,30.0,NYY,AL,72,240,228,29,64,12,0,8,35,1,1,10,50,0.281,0.31,0.439,0.748,96.0,100,7,0,1,1,0,1.0
Amed Rosario,23.0,NYM,NL,157,655,616,75,177,30,7,15,72,19,10,31,124,0.287,0.323,0.432,0.755,101.0,266,13,3,2,3,2,0.0
Eddie Rosario,27.0,MIN,AL,137,590,562,91,155,28,1,32,109,3,1,22,86,0.276,0.3,0.5,0.8,107.0,281,10,0,0,6,2,0.0
Rio Ruiz,25.0,BAL,AL,127,413,370,35,86,13,2,12,46,0,1,40,88,0.232,0.306,0.376,0.682,81.0,139,12,0,1,2,0,0.0
Addison Russell,25.0,CHC,NL,82,241,215,25,51,4,1,9,23,2,0,20,58,0.237,0.308,0.391,0.699,81.0,84,7,3,1,2,2,0.0
Gary Sanchez,26.0,NYY,AL,106,446,396,62,92,12,1,34,77,0,1,40,125,0.232,0.316,0.525,0.841,118.0,208,3,9,0,1,3,0.0
Yolmer Sanchez,27.0,CHW,AL,149,555,496,59,125,20,4,2,43,5,4,44,117,0.252,0.318,0.321,0.638,73.0,159,7,5,7,3,1,0.0
Pablo Sandoval,32.0,SFG,NL,108,296,272,42,73,23,0,14,41,1,0,18,67,0.268,0.313,0.507,0.82,113.0,138,8,1,2,3,2,1.0
Miguel Sano,26.0,MIN,AL,105,439,380,76,94,19,2,34,79,0,1,55,159,0.247,0.346,0.576,0.923,139.0,219,5,3,0,1,0,0.0
Carlos Santana,33.0,CLE,AL,158,686,573,110,161,30,1,34,93,4,0,108,108,0.281,0.397,0.515,0.911,136.0,295,13,3,0,2,12,1.0
Danny Santana,28.0,TEX,AL,130,511,474,81,134,23,6,28,81,21,6,25,151,0.283,0.324,0.534,0.857,112.0,253,8,6,0,5,2,0.0
Domingo Santana,26.0,SEA,AL,121,507,451,63,114,20,1,21,69,8,3,50,164,0.253,0.329,0.441,0.77,107.0,199,11,2,0,2,1,0.0
Anthony Santander,24.0,BAL,AL,93,405,380,46,99,20,1,20,59,1,2,19,86,0.261,0.297,0.476,0.773,101.0,181,1,2,1,3,0,0.0
Jonathan Schoop,27.0,MIN,AL,121,464,433,61,111,23,1,23,59,1,1,20,116,0.256,0.304,0.473,0.777,102.0,205,13,10,0,1,1,0.0
Kyle Schwarber,26.0,CHC,NL,155,610,529,82,132,29,3,38,92,2,3,70,156,0.25,0.339,0.531,0.871,122.0,281,6,5,0,6,5,0.0
Corey Seager,25.0,LAD,NL,134,541,489,82,133,44,1,19,87,1,0,44,98,0.272,0.335,0.483,0.817,113.0,236,8,4,0,4,3,0.0
Kyle Seager,31.0,SEA,AL,106,443,393,55,94,19,1,23,63,2,2,44,86,0.239,0.321,0.468,0.789,111.0,184,12,4,0,2,0,1.0
Jean Segura,29.0,PHI,NL,144,618,576,79,161,37,4,12,60,10,2,30,73,0.28,0.323,0.42,0.743,91.0,242,11,8,1,3,1,0.0
Marcus Semien,28.0,OAK,AL,162,747,657,123,187,43,7,33,92,10,8,87,102,0.285,0.369,0.522,0.892,139.0,343,11,2,0,1,2,0.0
Nick Senzel,24.0,CIN,NL,104,414,375,55,96,20,4,12,42,14,5,30,101,0.256,0.315,0.427,0.742,87.0,160,6,3,0,1,0,0.0
Pedro Severino,25.0,BAL,AL,96,341,305,37,76,13,0,13,44,3,1,29,73,0.249,0.321,0.42,0.74,95.0,128,5,4,1,2,0,0.0
Travis Shaw,29.0,MIL,NL,86,270,230,22,36,5,0,7,16,0,0,36,89,0.157,0.281,0.27,0.551,45.0,62,5,4,0,0,3,0.0
Andrelton Simmons,29.0,LAA,AL,103,424,398,47,105,19,0,7,40,10,2,24,37,0.264,0.309,0.364,0.673,78.0,145,21,2,0,0,1,0.0
Dwight Smith Jr.,26.0,BAL,AL,101,392,357,46,86,16,3,13,53,5,1,26,82,0.241,0.297,0.412,0.708,86.0,147,8,4,1,4,0,0.0
Kevan Smith,31.0,LAA,AL,67,211,191,21,48,12,0,5,20,2,0,16,37,0.251,0.318,0.393,0.71,87.0,75,8,3,0,1,0,1.0
Mallex Smith,26.0,SEA,AL,134,566,510,70,116,19,9,6,37,46,9,42,141,0.227,0.3,0.335,0.635,73.0,171,7,11,2,1,0,0.0
Justin Smoak,32.0,TOR,AL,121,500,414,54,86,16,0,22,61,0,0,79,106,0.208,0.342,0.406,0.748,101.0,168,11,6,0,1,3,1.0
Eric Sogard,33.0,TOT,AL,110,442,396,59,115,23,2,13,40,8,0,38,63,0.29,0.353,0.457,0.81,116.0,181,4,2,3,3,2,1.0
Eric Sogard,33.0,TOR,AL,73,323,287,45,86,17,2,10,30,6,0,29,47,0.3,0.363,0.477,0.84,123.0,137,2,1,3,3,0,1.0
Donovan Solano,31.0,SFG,NL,81,228,215,27,71,13,1,4,23,0,1,10,49,0.33,0.36,0.456,0.815,116.0,98,4,1,0,2,0,1.0
Jorge Soler,27.0,KCR,AL,162,679,589,95,156,33,1,48,117,3,1,73,178,0.265,0.354,0.569,0.922,138.0,335,16,10,0,4,3,0.0
Juan Soto,20.0,WSN,NL,150,659,542,110,153,32,5,34,110,12,1,108,132,0.282,0.401,0.548,0.949,141.0,297,11,3,0,6,3,0.0
George Springer,29.0,HOU,AL,122,556,479,96,140,20,3,39,96,6,2,67,113,0.292,0.383,0.591,0.974,150.0,283,12,6,0,4,1,0.0
Jacob Stallings,29.0,PIT,NL,71,210,191,26,50,5,0,6,13,0,0,16,40,0.262,0.325,0.382,0.708,87.0,73,3,2,1,0,5,0.0
Christin Stewart,25.0,DET,AL,104,416,369,32,86,25,1,10,40,0,1,34,103,0.233,0.305,0.388,0.693,82.0,143,4,7,0,6,3,0.0
Trevor Story,26.0,COL,NL,145,656,588,111,173,38,5,35,85,23,8,58,174,0.294,0.363,0.554,0.917,119.0,326,3,7,0,3,0,0.0
Dee Strange-Gordon,31.0,SEA,AL,117,421,393,36,108,12,6,3,34,22,5,18,61,0.275,0.304,0.359,0.663,80.0,141,8,1,3,6,1,1.0
Eugenio Suarez,27.0,CIN,NL,159,662,575,87,156,22,2,49,103,3,2,70,189,0.271,0.358,0.572,0.93,132.0,329,12,11,0,6,4,0.0
Kurt Suzuki,35.0,WSN,NL,85,309,280,37,74,11,0,17,63,0,1,20,36,0.264,0.324,0.486,0.809,104.0,136,10,6,0,3,1,1.0
Dansby Swanson,25.0,ATL,NL,127,545,483,77,121,26,3,17,65,10,5,51,124,0.251,0.325,0.422,0.748,89.0,204,7,5,1,5,2,0.0
Raimel Tapia,25.0,COL,NL,138,447,426,54,117,23,5,9,44,9,3,21,100,0.275,0.309,0.415,0.724,75.0,177,2,0,0,0,0,0.0
Fernando Tatis Jr.,20.0,SDP,NL,84,372,334,61,106,13,6,22,53,16,6,30,110,0.317,0.379,0.59,0.969,154.0,197,4,5,0,3,1,0.0
Mike Tauchman,28.0,NYY,AL,87,296,260,46,72,18,1,13,47,6,0,34,71,0.277,0.361,0.504,0.865,127.0,131,9,1,0,1,0,0.0
Chris Taylor,28.0,LAD,NL,124,414,366,52,96,29,4,12,52,8,0,37,115,0.262,0.333,0.462,0.794,108.0,169,6,4,2,5,3,0.0
Rowdy Tellez,24.0,TOR,AL,111,409,370,49,84,19,0,21,54,1,1,29,116,0.227,0.293,0.449,0.742,95.0,166,9,7,0,3,3,0.0
Eric Thames,32.0,MIL,NL,149,459,396,67,98,23,2,25,61,3,2,51,140,0.247,0.346,0.505,0.851,117.0,200,0,10,0,2,4,1.0
Gleyber Torres,22.0,NYY,AL,144,604,546,96,152,26,0,38,90,5,2,48,129,0.278,0.337,0.535,0.871,127.0,292,10,3,1,6,3,0.0
Mike Trout,27.0,LAA,AL,134,600,470,110,137,27,2,45,104,11,2,110,120,0.291,0.438,0.645,1.083,182.0,303,5,16,0,4,14,0.0
Justin Turner,34.0,LAD,NL,135,549,479,80,139,24,0,27,67,2,0,51,88,0.29,0.372,0.509,0.881,131.0,244,11,14,0,5,1,1.0
Trea Turner,26.0,WSN,NL,122,569,521,96,155,37,5,19,57,35,5,43,113,0.298,0.353,0.497,0.85,116.0,259,10,3,0,2,2,0.0
Justin Upton,31.0,LAA,AL,63,256,219,34,47,8,0,12,40,1,1,32,78,0.215,0.309,0.416,0.724,90.0,91,5,0,0,5,0,1.0
Luis Urias,22.0,SDP,NL,71,249,215,27,48,8,1,4,24,0,1,25,56,0.223,0.329,0.326,0.655,77.0,70,8,9,0,0,0,0.0
Gio Urshela,27.0,NYY,AL,132,476,442,73,139,34,0,21,74,1,1,25,87,0.314,0.355,0.534,0.889,132.0,236,13,5,0,4,1,0.0
Josh VanMeter,24.0,CIN,NL,95,260,228,33,54,13,1,8,23,9,3,29,56,0.237,0.327,0.408,0.735,87.0,93,5,2,0,1,0,0.0
Ildemaro Vargas,27.0,ARI,NL,92,211,201,25,54,9,1,6,24,1,0,9,24,0.269,0.299,0.413,0.712,81.0,83,6,0,0,1,0,0.0
Christian Vazquez,28.0,BOS,AL,138,521,482,66,133,26,1,23,72,4,2,33,101,0.276,0.32,0.477,0.798,103.0,230,17,0,3,3,3,0.0
Alex Verdugo,23.0,LAD,NL,106,377,343,43,101,22,2,12,44,4,1,26,49,0.294,0.342,0.475,0.817,114.0,163,8,2,0,6,1,0.0
Jonathan Villar,28.0,BAL,AL,162,714,642,111,176,33,5,24,73,40,9,61,176,0.274,0.339,0.453,0.792,109.0,291,8,4,2,4,0,0.0
Daniel Vogelbach,26.0,SEA,AL,144,558,462,73,96,17,0,30,76,0,0,92,149,0.208,0.341,0.439,0.78,111.0,203,4,2,0,2,2,0.0
Stephen Vogt,34.0,SFG,NL,99,280,255,30,67,24,2,10,40,3,1,20,66,0.263,0.314,0.49,0.804,110.0,125,1,1,0,4,1,1.0
Luke Voit,28.0,NYY,AL,118,510,429,72,113,21,1,21,62,0,0,71,142,0.263,0.378,0.464,0.842,123.0,199,12,9,0,1,2,0.0
Joey Votto,35.0,CIN,NL,142,608,525,79,137,32,1,15,47,5,0,76,123,0.261,0.357,0.411,0.768,96.0,216,14,4,0,3,2,1.0
Christian Walker,28.0,ARI,NL,152,603,529,86,137,26,1,29,73,8,1,67,155,0.259,0.348,0.476,0.825,111.0,252,11,6,0,1,6,0.0
Neil Walker,33.0,MIA,NL,115,381,337,37,88,19,1,8,38,3,0,42,77,0.261,0.344,0.395,0.738,97.0,133,8,1,0,1,1,1.0
Joey Wendle,29.0,TBR,AL,75,263,238,32,55,13,2,3,19,8,3,14,47,0.231,0.293,0.34,0.633,71.0,81,4,8,0,3,0,0.0
Tyler White,28.0,HOU,AL,71,253,218,16,49,14,0,3,21,0,0,32,74,0.225,0.32,0.33,0.65,72.0,72,7,0,0,3,0,0.0
Stevie Wilkerson,27.0,BAL,AL,117,361,329,41,74,18,2,10,35,3,3,22,108,0.225,0.286,0.383,0.669,76.0,126,5,7,1,2,0,0.0
Jesse Winker,25.0,CIN,NL,113,384,338,51,91,17,2,16,38,0,2,38,60,0.269,0.357,0.473,0.83,110.0,160,10,8,0,0,2,0.0
Tony Wolters,27.0,COL,NL,121,411,359,42,94,17,2,1,42,0,1,36,68,0.262,0.337,0.329,0.666,65.0,118,9,8,2,6,5,0.0
Kolten Wong,28.0,STL,NL,148,549,478,61,136,25,4,11,59,24,4,47,83,0.285,0.361,0.423,0.784,108.0,202,2,13,6,5,5,0.0
Mike Yastrzemski,28.0,SFG,NL,107,411,371,64,101,22,3,21,55,2,4,32,107,0.272,0.334,0.518,0.852,122.0,192,4,4,1,3,1,0.0
Christian Yelich,27.0,MIL,NL,130,580,489,100,161,29,3,44,97,30,2,80,118,0.329,0.429,0.671,1.1,179.0,328,8,8,0,3,16,0.0
Mike Zunino,28.0,TBR,AL,90,289,266,30,44,10,1,9,32,0,0,20,98,0.165,0.232,0.312,0.544,45.0,83,4,3,0,0,0,0.0
